INSERT INTO `league` (`id`, `country`, `name`, `season_end`, `season_start`, `season_year`) VALUES
(700, 'England', 'Premier League', '2012-05-13', '2011-08-13', 2011),
(699, 'England', 'Premier League', '2013-05-19', '2012-08-18', 2012);


INSERT INTO `team` (`id`, `team_name`) VALUES
(47, 'Tottenham'),
(50, 'Manchester City'),
(66, 'Aston Villa'),
(48, 'West Ham'),
(67, 'Blackburn'),
(45, 'Everton'),
(61, 'Wigan'),
(68, 'Bolton'),
(36, 'Fulham'),
(746, 'Sunderland'),
(39, 'Wolves'),
(75, 'Stoke City'),
(49, 'Chelsea'),
(60, 'West Brom'),
(40, 'Liverpool'),
(42, 'Arsenal'),
(33, 'Manchester United'),
(34, 'Newcastle'),
(41, 'Southampton'),
(71, 'Norwich'),
(76, 'Swansea'),
(72, 'QPR'),
(53, 'Reading');

INSERT INTO `fixture` (`id`, `event_date`, `goals_away_team`, `goals_home_team`, `round`, `status`, `venue`, `away_team_id`, `home_team_id`, `league_id`) VALUES
(193437, '2012-08-18', 0, 0, 1, 0, 'Emirates Stadium (London)', 746, 42, 699),
(193817, '2011-08-13', 2, 1, 1, 0, 'Ewood Park (Blackburn)', 39, 67, 700),
(193818, '2011-08-13', 0, 0, 1, 0, 'Craven Cottage (London)', 66, 36, 700),
(193819, '2011-08-13', 1, 1, 1, 0, 'Anfield (Liverpool)', 746, 40, 700),
(193438, '2012-08-18', 0, 5, 1, 0, 'Craven Cottage (London)', 71, 36, 699),
(193439, '2012-08-18', 5, 0, 1, 0, 'Loftus Road Stadium (London)', 76, 72, 699),
(193440, '2012-08-18', 1, 1, 1, 0, 'Madejski Stadium (Reading)', 75, 53, 699),
(193441, '2012-08-18', 0, 3, 1, 0, 'The Hawthorns (West Bromwich)', 40, 60, 699),
(193442, '2012-08-18', 0, 1, 1, 0, 'Boleyn Ground (London)', 66, 48, 699);
INSERT INTO `fixture` (`id`, `event_date`, `goals_away_team`, `goals_home_team`, `round`, `status`, `venue`, `away_team_id`, `home_team_id`, `league_id`) VALUES
(193443, '2012-08-18', 1, 2, 1, 0, 'St. James'' Park (Newcastle-upon-Tyne)', 47, 34, 699),
(193820, '2011-08-13', 4, 0, 1, 0, 'Loftus Road Stadium (London)', 68, 72, 700),
(193444, '2012-08-19', 2, 0, 1, 0, 'The DW Stadium (Wigan)', 49, 61, 699),
(193821, '2011-08-13', 1, 1, 1, 0, 'The DW Stadium (Wigan)', 71, 61, 700),
(193445, '2012-08-19', 2, 3, 1, 0, 'Etihad Stadium (Manchester)', 41, 50, 699),
(193822, '2011-08-13', 0, 0, 1, 0, 'Sports Direct Arena (Newcastle-upon-Tyne)', 42, 34, 700),
(193823, '2011-08-14', 0, 0, 1, 0, 'Britannia Stadium (Stoke-on-Trent, Staffordshire)', 49, 75, 700),
(193446, '2012-08-20', 0, 1, 1, 0, 'Goodison Park (Liverpool)', 33, 45, 699),
(193457, '2012-08-22', 2, 4, 3, 0, 'Stamford Bridge (London)', 53, 49, 699),
(193824, '2011-08-14', 2, 1, 1, 0, 'The Hawthorns (West Bromwich)', 33, 60, 700),
(193825, '2011-08-15', 0, 4, 1, 0, 'Etihad Stadium (Manchester)', 76, 50, 700),
(193447, '2012-08-25', 0, 3, 2, 0, 'Liberty Stadium (Swansea)', 48, 76, 699),
(193827, '2011-08-20', 1, 0, 2, 0, 'Stadium of Light (Sunderland)', 34, 746, 700),
(193448, '2012-08-25', 3, 1, 2, 0, 'Villa Park (Birmingham)', 45, 66, 699),
(193828, '2011-08-20', 2, 0, 2, 0, 'Emirates Stadium (London)', 40, 42, 700),
(193449, '2012-08-25', 2, 3, 2, 0, 'Old Trafford (Manchester)', 36, 33, 699),
(193829, '2011-08-20', 1, 3, 2, 0, 'Villa Park (Birmingham)', 67, 66, 700),
(193450, '2012-08-25', 1, 1, 2, 0, 'Carrow Road (Norwich, Norfolk)', 72, 71, 699),
(193451, '2012-08-25', 2, 0, 2, 0, 'St. Mary''s Stadium (Southampton, Hampshire)', 61, 41, 699),
(193830, '2011-08-20', 1, 0, 2, 0, 'Goodison Park (Liverpool)', 72, 45, 700),
(193452, '2012-08-25', 1, 1, 2, 0, 'White Hart Lane (London)', 60, 47, 699),
(193831, '2011-08-20', 0, 0, 2, 0, 'Liberty Stadium (Swansea)', 61, 76, 700),
(193453, '2012-08-25', 0, 2, 2, 0, 'Stamford Bridge (London)', 34, 49, 699),
(193454, '2012-08-26', 0, 0, 2, 0, 'Britannia Stadium (Stoke-on-Trent, Staffordshire)', 42, 75, 699),
(193455, '2012-08-26', 2, 2, 2, 0, 'Anfield (Liverpool)', 50, 40, 699),
(193832, '2011-08-20', 1, 2, 2, 0, 'Stamford Bridge (London)', 60, 49, 700),
(193833, '2011-08-21', 1, 1, 2, 0, 'Carrow Road (Norwich, Norfolk)', 75, 71, 700),
(193834, '2011-08-21', 0, 2, 2, 0, 'Molineux Stadium (Wolverhampton, West Midlands)', 36, 39, 700),
(193835, '2011-08-21', 3, 2, 2, 0, 'Reebok Stadium (Bolton)', 50, 68, 700),
(193836, '2011-08-22', 0, 3, 2, 0, 'Old Trafford (Manchester)', 47, 33, 700),
(193837, '2011-08-27', 0, 0, 3, 0, 'Villa Park (Birmingham)', 39, 66, 700),
(193838, '2011-08-27', 0, 2, 3, 0, 'The DW Stadium (Wigan)', 72, 61, 700),
(193839, '2011-08-27', 1, 0, 3, 0, 'Ewood Park (Blackburn)', 45, 67, 700),
(193840, '2011-08-27', 1, 3, 3, 0, 'Stamford Bridge (London)', 71, 49, 700),
(193841, '2011-08-27', 0, 0, 3, 0, 'Liberty Stadium (Swansea)', 746, 76, 700),
(193842, '2011-08-27', 1, 3, 3, 0, 'Anfield (Liverpool)', 68, 40, 700),
(193843, '2011-08-28', 1, 2, 3, 0, 'Sports Direct Arena (Newcastle-upon-Tyne)', 36, 34, 700),
(193844, '2011-08-28', 5, 1, 3, 0, 'White Hart Lane (London)', 50, 47, 700),
(193845, '2011-08-28', 1, 0, 3, 0, 'The Hawthorns (West Bromwich)', 75, 60, 700),
(193846, '2011-08-28', 2, 8, 3, 0, 'Old Trafford (Manchester)', 42, 33, 700),
(193847, '2011-09-10', 0, 1, 4, 0, 'Emirates Stadium (London)', 76, 42, 700),
(193848, '2011-09-10', 2, 2, 4, 0, 'Goodison Park (Liverpool)', 66, 45, 700),
(193458, '2012-09-01', 0, 3, 3, 0, 'Boleyn Ground (London)', 36, 48, 699),
(193849, '2011-09-10', 0, 3, 4, 0, 'Etihad Stadium (Manchester)', 61, 50, 700),
(193459, '2012-09-01', 2, 2, 3, 0, 'Liberty Stadium (Swansea)', 746, 76, 699),
(193460, '2012-09-01', 1, 1, 3, 0, 'White Hart Lane (London)', 71, 47, 699),
(193850, '2011-09-10', 0, 1, 4, 0, 'Britannia Stadium (Stoke-on-Trent, Staffordshire)', 40, 75, 700),
(193851, '2011-09-10', 2, 1, 4, 0, 'Stadium of Light (Sunderland)', 49, 746, 700),
(193461, '2012-09-01', 0, 2, 3, 0, 'The Hawthorns (West Bromwich)', 45, 60, 699),
(193852, '2011-09-10', 2, 0, 4, 0, 'Molineux Stadium (Wolverhampton, West Midlands)', 47, 39, 700),
(193462, '2012-09-01', 2, 2, 3, 0, 'The DW Stadium (Wigan)', 75, 61, 699),
(193463, '2012-09-01', 1, 3, 3, 0, 'Etihad Stadium (Manchester)', 72, 50, 699),
(193853, '2011-09-10', 5, 0, 4, 0, 'Reebok Stadium (Bolton)', 33, 68, 700),
(193464, '2012-09-02', 2, 0, 3, 0, 'Anfield (Liverpool)', 42, 40, 699),
(193854, '2011-09-11', 1, 0, 4, 0, 'Carrow Road (Norwich, Norfolk)', 60, 71, 700),
(193465, '2012-09-02', 1, 1, 3, 0, 'St. James'' Park (Newcastle-upon-Tyne)', 66, 34, 699),
(193855, '2011-09-11', 1, 1, 4, 0, 'Craven Cottage (London)', 67, 36, 700),
(193466, '2012-09-02', 3, 2, 3, 0, 'St. Mary''s Stadium (Southampton, Hampshire)', 33, 41, 699),
(193856, '2011-09-12', 0, 0, 4, 0, 'Loftus Road Stadium (London)', 34, 72, 700),
(193467, '2012-09-15', 0, 0, 4, 0, 'Carrow Road (Norwich, Norfolk)', 48, 71, 699),
(193857, '2011-09-17', 3, 4, 5, 0, 'Ewood Park (Blackburn)', 42, 67, 700),
(193468, '2012-09-15', 1, 6, 4, 0, 'Emirates Stadium (London)', 41, 42, 699),
(193858, '2011-09-17', 1, 1, 5, 0, 'Villa Park (Birmingham)', 34, 66, 700),
(193859, '2011-09-17', 2, 1, 5, 0, 'Reebok Stadium (Bolton)', 71, 68, 700),
(193469, '2012-09-15', 0, 2, 4, 0, 'Villa Park (Birmingham)', 76, 66, 699),
(193470, '2012-09-15', 0, 3, 4, 0, 'Craven Cottage (London)', 60, 36, 699),
(193471, '2012-09-15', 0, 4, 4, 0, 'Old Trafford (Manchester)', 61, 33, 699),
(193472, '2012-09-15', 0, 0, 4, 0, 'Loftus Road Stadium (London)', 49, 72, 699),
(193473, '2012-09-15', 1, 1, 4, 0, 'Britannia Stadium (Stoke-on-Trent, Staffordshire)', 50, 75, 699),
(193474, '2012-09-15', 1, 1, 4, 0, 'Stadium of Light (Sunderland)', 40, 746, 699),
(193475, '2012-09-16', 3, 1, 4, 0, 'Madejski Stadium (Reading)', 47, 53, 699),
(193476, '2012-09-17', 2, 2, 4, 0, 'Goodison Park (Liverpool)', 34, 45, 699),
(193477, '2012-09-22', 3, 0, 5, 0, 'Liberty Stadium (Swansea)', 45, 76, 699),
(193478, '2012-09-22', 0, 1, 5, 0, 'Stamford Bridge (London)', 75, 49, 699),
(193479, '2012-09-22', 1, 4, 5, 0, 'St. Mary''s Stadium (Southampton, Hampshire)', 66, 41, 699),
(193480, '2012-09-22', 0, 1, 5, 0, 'The Hawthorns (West Bromwich)', 53, 60, 699),
(193481, '2012-09-22', 1, 1, 5, 0, 'Boleyn Ground (London)', 746, 48, 699),
(193860, '2011-09-17', 1, 3, 5, 0, 'Goodison Park (Liverpool)', 61, 45, 700),
(193861, '2011-09-17', 0, 3, 5, 0, 'Liberty Stadium (Swansea)', 60, 76, 700),
(193482, '2012-09-22', 2, 1, 5, 0, 'The DW Stadium (Wigan)', 36, 61, 699),
(193862, '2011-09-17', 3, 0, 5, 0, 'Molineux Stadium (Wolverhampton, West Midlands)', 72, 39, 700),
(193483, '2012-09-23', 2, 1, 5, 0, 'Anfield (Liverpool)', 33, 40, 699),
(193863, '2011-09-18', 0, 4, 5, 0, 'White Hart Lane (London)', 40, 47, 700),
(193484, '2012-09-23', 0, 1, 5, 0, 'St. James'' Park (Newcastle-upon-Tyne)', 71, 34, 699),
(193485, '2012-09-23', 1, 1, 5, 0, 'Etihad Stadium (Manchester)', 42, 50, 699),
(193864, '2011-09-18', 2, 2, 5, 0, 'Craven Cottage (London)', 50, 36, 700),
(193865, '2011-09-18', 0, 4, 5, 0, 'Stadium of Light (Sunderland)', 75, 746, 700),
(193866, '2011-09-18', 1, 3, 5, 0, 'Old Trafford (Manchester)', 49, 33, 700),
(193867, '2011-09-24', 0, 2, 6, 0, 'Etihad Stadium (Manchester)', 45, 50, 700),
(193868, '2011-09-24', 0, 3, 6, 0, 'Emirates Stadium (London)', 68, 42, 700);
INSERT INTO `fixture` (`id`, `event_date`, `goals_away_team`, `goals_home_team`, `round`, `status`, `venue`, `away_team_id`, `home_team_id`, `league_id`) VALUES
(193869, '2011-09-24', 1, 4, 6, 0, 'Stamford Bridge (London)', 76, 49, 700),
(193870, '2011-09-24', 1, 2, 6, 0, 'Anfield (Liverpool)', 39, 40, 700),
(193871, '2011-09-24', 1, 3, 6, 0, 'Sports Direct Arena (Newcastle-upon-Tyne)', 67, 34, 700),
(193872, '2011-09-24', 0, 0, 6, 0, 'The Hawthorns (West Bromwich)', 36, 60, 700),
(193873, '2011-09-24', 2, 1, 6, 0, 'The DW Stadium (Wigan)', 47, 61, 700),
(193874, '2011-09-24', 1, 1, 6, 0, 'Britannia Stadium (Stoke-on-Trent, Staffordshire)', 33, 75, 700),
(193875, '2011-09-25', 1, 1, 6, 0, 'Loftus Road Stadium (London)', 66, 72, 700),
(193876, '2011-09-26', 1, 2, 6, 0, 'Carrow Road (Norwich, Norfolk)', 746, 71, 700),
(193877, '2011-10-01', 2, 0, 7, 0, 'Goodison Park (Liverpool)', 40, 45, 700),
(193878, '2011-10-01', 0, 2, 7, 0, 'Villa Park (Birmingham)', 61, 66, 700),
(193486, '2012-09-23', 1, 2, 5, 0, 'White Hart Lane (London)', 72, 47, 699),
(193879, '2011-10-01', 4, 0, 7, 0, 'Ewood Park (Blackburn)', 50, 67, 700),
(193487, '2012-09-29', 2, 1, 6, 0, 'Emirates Stadium (London)', 49, 42, 699),
(193880, '2011-10-01', 0, 2, 7, 0, 'Old Trafford (Manchester)', 71, 33, 700),
(193488, '2012-09-29', 1, 3, 6, 0, 'Goodison Park (Liverpool)', 41, 45, 699),
(193881, '2011-10-01', 2, 2, 7, 0, 'Stadium of Light (Sunderland)', 60, 746, 700),
(193489, '2012-09-29', 2, 1, 6, 0, 'Craven Cottage (London)', 50, 36, 699),
(193882, '2011-10-01', 2, 1, 7, 0, 'Molineux Stadium (Wolverhampton, West Midlands)', 34, 39, 700),
(193490, '2012-09-29', 5, 2, 6, 0, 'Carrow Road (Norwich, Norfolk)', 40, 71, 699),
(193883, '2011-10-02', 5, 1, 7, 0, 'Reebok Stadium (Bolton)', 49, 68, 700),
(193884, '2011-10-02', 0, 6, 7, 0, 'Craven Cottage (London)', 72, 36, 700),
(193491, '2012-09-29', 2, 2, 6, 0, 'Madejski Stadium (Reading)', 34, 53, 699),
(193885, '2011-10-02', 0, 2, 7, 0, 'Liberty Stadium (Swansea)', 75, 76, 700),
(193492, '2012-09-29', 0, 2, 6, 0, 'Britannia Stadium (Stoke-on-Trent, Staffordshire)', 76, 75, 699),
(193886, '2011-10-02', 1, 2, 7, 0, 'White Hart Lane (London)', 42, 47, 700),
(193493, '2012-09-29', 0, 1, 6, 0, 'Stadium of Light (Sunderland)', 61, 746, 699),
(193494, '2012-09-29', 3, 2, 6, 0, 'Old Trafford (Manchester)', 47, 33, 699),
(193887, '2011-10-15', 1, 1, 8, 0, 'Anfield (Liverpool)', 33, 40, 700),
(193495, '2012-09-30', 1, 1, 6, 0, 'Villa Park (Birmingham)', 60, 66, 699),
(193888, '2011-10-15', 1, 4, 8, 0, 'Etihad Stadium (Manchester)', 66, 50, 700),
(193496, '2012-10-01', 2, 1, 6, 0, 'Loftus Road Stadium (London)', 48, 72, 699),
(193889, '2011-10-15', 1, 3, 8, 0, 'Carrow Road (Norwich, Norfolk)', 76, 71, 700),
(193497, '2012-10-06', 0, 3, 7, 0, 'Etihad Stadium (Manchester)', 746, 50, 699),
(193890, '2011-10-15', 1, 1, 8, 0, 'Loftus Road Stadium (London)', 67, 72, 700),
(193891, '2011-10-15', 0, 2, 8, 0, 'Britannia Stadium (Stoke-on-Trent, Staffordshire)', 36, 75, 700),
(193498, '2012-10-06', 1, 4, 7, 0, 'Stamford Bridge (London)', 71, 49, 699),
(193499, '2012-10-06', 2, 2, 7, 0, 'Liberty Stadium (Swansea)', 53, 76, 699),
(193500, '2012-10-06', 2, 3, 7, 0, 'The Hawthorns (West Bromwich)', 72, 60, 699),
(193501, '2012-10-06', 2, 2, 7, 0, 'The DW Stadium (Wigan)', 45, 61, 699),
(193502, '2012-10-06', 3, 1, 7, 0, 'Boleyn Ground (London)', 42, 48, 699),
(193503, '2012-10-07', 2, 2, 7, 0, 'St. Mary''s Stadium (Southampton, Hampshire)', 36, 41, 699),
(193504, '2012-10-07', 0, 0, 7, 0, 'Anfield (Liverpool)', 75, 40, 699),
(193505, '2012-10-07', 0, 2, 7, 0, 'White Hart Lane (London)', 66, 47, 699),
(193506, '2012-10-07', 3, 0, 7, 0, 'St. James'' Park (Newcastle-upon-Tyne)', 33, 34, 699),
(193507, '2012-10-20', 4, 2, 8, 0, 'White Hart Lane (London)', 49, 47, 699),
(193508, '2012-10-20', 0, 1, 8, 0, 'Craven Cottage (London)', 66, 36, 699),
(193509, '2012-10-20', 0, 1, 8, 0, 'Anfield (Liverpool)', 53, 40, 699),
(193510, '2012-10-20', 2, 4, 8, 0, 'Old Trafford (Manchester)', 75, 33, 699),
(193511, '2012-10-20', 1, 2, 8, 0, 'Liberty Stadium (Swansea)', 61, 76, 699),
(193512, '2012-10-20', 2, 1, 8, 0, 'The Hawthorns (West Bromwich)', 50, 60, 699),
(193513, '2012-10-20', 1, 4, 8, 0, 'Boleyn Ground (London)', 41, 48, 699),
(193514, '2012-10-20', 0, 1, 8, 0, 'Carrow Road (Norwich, Norfolk)', 42, 71, 699),
(193892, '2011-10-15', 3, 1, 8, 0, 'The DW Stadium (Wigan)', 68, 61, 700),
(193893, '2011-10-15', 1, 3, 8, 0, 'Stamford Bridge (London)', 45, 49, 700),
(193894, '2011-10-16', 0, 2, 8, 0, 'The Hawthorns (West Bromwich)', 39, 60, 700),
(193895, '2011-10-16', 1, 2, 8, 0, 'Emirates Stadium (London)', 746, 42, 700),
(193896, '2011-10-16', 2, 2, 8, 0, 'Sports Direct Arena (Newcastle-upon-Tyne)', 47, 34, 700),
(193897, '2011-10-22', 2, 2, 9, 0, 'Molineux Stadium (Wolverhampton, West Midlands)', 76, 39, 700),
(193898, '2011-10-22', 2, 1, 9, 0, 'Villa Park (Birmingham)', 60, 66, 700),
(193899, '2011-10-22', 2, 0, 9, 0, 'Reebok Stadium (Bolton)', 746, 68, 700),
(193900, '2011-10-22', 0, 1, 9, 0, 'Sports Direct Arena (Newcastle-upon-Tyne)', 61, 34, 700),
(193515, '2012-10-21', 1, 1, 8, 0, 'Stadium of Light (Sunderland)', 34, 746, 699),
(193901, '2011-10-22', 1, 1, 9, 0, 'Anfield (Liverpool)', 71, 40, 700),
(193902, '2011-10-23', 1, 3, 9, 0, 'Emirates Stadium (London)', 75, 42, 700),
(193903, '2011-10-23', 3, 1, 9, 0, 'Craven Cottage (London)', 45, 36, 700),
(193904, '2011-10-23', 6, 1, 9, 0, 'Old Trafford (Manchester)', 50, 33, 700),
(193516, '2012-10-21', 1, 1, 8, 0, 'Loftus Road Stadium (London)', 45, 72, 699),
(193905, '2011-10-23', 2, 1, 9, 0, 'Ewood Park (Blackburn)', 47, 67, 700),
(193906, '2011-10-23', 0, 1, 9, 0, 'Loftus Road Stadium (London)', 49, 72, 700),
(193907, '2011-10-29', 1, 0, 10, 0, 'Goodison Park (Liverpool)', 33, 45, 700),
(193908, '2011-10-29', 5, 3, 10, 0, 'Stamford Bridge (London)', 42, 49, 700),
(193517, '2012-10-27', 1, 1, 9, 0, 'Villa Park (Birmingham)', 71, 66, 699),
(193912, '2011-10-29', 1, 3, 10, 0, 'Liberty Stadium (Swansea)', 68, 76, 700),
(193518, '2012-10-27', 0, 1, 9, 0, 'Emirates Stadium (London)', 72, 42, 699),
(193913, '2011-10-29', 2, 0, 10, 0, 'The DW Stadium (Wigan)', 36, 61, 700),
(193519, '2012-10-27', 3, 3, 9, 0, 'Madejski Stadium (Reading)', 36, 53, 699),
(193909, '2011-10-29', 1, 3, 10, 0, 'Etihad Stadium (Manchester)', 39, 50, 700),
(193520, '2012-10-27', 0, 0, 9, 0, 'Britannia Stadium (Stoke-on-Trent, Staffordshire)', 746, 75, 699),
(193910, '2011-10-29', 3, 3, 10, 0, 'Carrow Road (Norwich, Norfolk)', 67, 71, 700),
(193521, '2012-10-27', 1, 2, 9, 0, 'The DW Stadium (Wigan)', 48, 61, 699),
(193911, '2011-10-29', 2, 2, 10, 0, 'Stadium of Light (Sunderland)', 66, 746, 700),
(193522, '2012-10-27', 0, 1, 9, 0, 'Etihad Stadium (Manchester)', 76, 50, 699),
(193914, '2011-10-29', 2, 0, 10, 0, 'The Hawthorns (West Bromwich)', 40, 60, 700),
(193523, '2012-10-28', 2, 2, 9, 0, 'Goodison Park (Liverpool)', 40, 45, 699),
(193915, '2011-10-30', 1, 3, 10, 0, 'White Hart Lane (London)', 72, 47, 700),
(193524, '2012-10-28', 1, 2, 9, 0, 'St. James'' Park (Newcastle-upon-Tyne)', 60, 34, 699),
(193916, '2011-10-31', 3, 1, 10, 0, 'Britannia Stadium (Stoke-on-Trent, Staffordshire)', 34, 75, 700),
(193525, '2012-10-28', 2, 1, 9, 0, 'St. Mary''s Stadium (Southampton, Hampshire)', 47, 41, 699),
(193917, '2011-11-05', 1, 2, 11, 0, 'Sports Direct Arena (Newcastle-upon-Tyne)', 45, 34, 700),
(193918, '2011-11-05', 0, 3, 11, 0, 'Emirates Stadium (London)', 60, 42, 700),
(193526, '2012-10-28', 3, 2, 9, 0, 'Stamford Bridge (London)', 33, 49, 699),
(193527, '2012-11-03', 1, 2, 10, 0, 'Old Trafford (Manchester)', 42, 33, 699),
(193919, '2011-11-05', 2, 3, 11, 0, 'Villa Park (Birmingham)', 71, 66, 700),
(193920, '2011-11-05', 1, 0, 11, 0, 'Ewood Park (Blackburn)', 49, 67, 700),
(193528, '2012-11-03', 2, 2, 10, 0, 'Craven Cottage (London)', 45, 36, 699),
(193921, '2011-11-05', 0, 0, 11, 0, 'Anfield (Liverpool)', 76, 40, 700),
(193529, '2012-11-03', 0, 1, 10, 0, 'Carrow Road (Norwich, Norfolk)', 75, 71, 699),
(193922, '2011-11-05', 0, 1, 11, 0, 'Old Trafford (Manchester)', 746, 33, 700),
(193530, '2012-11-03', 1, 0, 10, 0, 'Stadium of Light (Sunderland)', 66, 746, 699),
(193923, '2011-11-05', 3, 2, 11, 0, 'Loftus Road Stadium (London)', 50, 72, 700);

INSERT INTO `fixture` (`id`, `event_date`, `goals_away_team`, `goals_home_team`, `round`, `status`, `venue`, `away_team_id`, `home_team_id`, `league_id`) VALUES
(193531, '2012-11-03', 1, 1, 10, 0, 'Liberty Stadium (Swansea)', 49, 76, 699),
(193924, '2011-11-06', 1, 3, 11, 0, 'Molineux Stadium (Wolverhampton, West Midlands)', 61, 39, 700),
(193532, '2012-11-03', 1, 0, 10, 0, 'White Hart Lane (London)', 61, 47, 699),
(193533, '2012-11-03', 0, 0, 10, 0, 'Boleyn Ground (London)', 50, 48, 699),
(193925, '2011-11-06', 0, 5, 11, 0, 'Reebok Stadium (Bolton)', 75, 68, 700),
(193534, '2012-11-04', 1, 1, 10, 0, 'Loftus Road Stadium (London)', 53, 72, 699),
(193535, '2012-11-04', 1, 1, 10, 0, 'Anfield (Liverpool)', 34, 40, 699),
(193536, '2012-11-05', 0, 2, 10, 0, 'The Hawthorns (West Bromwich)', 41, 60, 699),
(193537, '2012-11-10', 3, 3, 11, 0, 'Emirates Stadium (London)', 36, 42, 699),
(193926, '2011-11-06', 3, 1, 11, 0, 'Craven Cottage (London)', 47, 36, 700),
(193927, '2011-11-19', 2, 1, 12, 0, 'Carrow Road (Norwich, Norfolk)', 42, 71, 700),
(193928, '2011-11-19', 1, 2, 12, 0, 'Goodison Park (Liverpool)', 39, 45, 700),
(193929, '2011-11-19', 1, 3, 12, 0, 'Etihad Stadium (Manchester)', 34, 50, 700),
(193930, '2011-11-19', 3, 2, 12, 0, 'Britannia Stadium (Stoke-on-Trent, Staffordshire)', 72, 75, 700),
(193931, '2011-11-19', 0, 0, 12, 0, 'Stadium of Light (Sunderland)', 36, 746, 700),
(193932, '2011-11-19', 1, 2, 12, 0, 'The Hawthorns (West Bromwich)', 68, 60, 700),
(193933, '2011-11-19', 3, 3, 12, 0, 'The DW Stadium (Wigan)', 67, 61, 700),
(193934, '2011-11-19', 1, 0, 12, 0, 'Liberty Stadium (Swansea)', 33, 76, 700),
(193935, '2011-11-20', 2, 1, 12, 0, 'Stamford Bridge (London)', 40, 49, 700),
(193936, '2011-11-21', 0, 2, 12, 0, 'White Hart Lane (London)', 66, 47, 700),
(193937, '2011-11-26', 1, 3, 13, 0, 'Britannia Stadium (Stoke-on-Trent, Staffordshire)', 67, 75, 700),
(193538, '2012-11-10', 1, 2, 11, 0, 'Goodison Park (Liverpool)', 746, 45, 699),
(193938, '2011-11-26', 2, 0, 13, 0, 'Reebok Stadium (Bolton)', 45, 68, 700),
(193539, '2012-11-10', 0, 0, 11, 0, 'Madejski Stadium (Reading)', 71, 53, 699),
(193939, '2011-11-26', 0, 3, 13, 0, 'Stamford Bridge (London)', 39, 49, 700),
(193540, '2012-11-10', 1, 1, 11, 0, 'St. Mary''s Stadium (Southampton, Hampshire)', 76, 41, 699),
(193940, '2011-11-26', 1, 1, 13, 0, 'Old Trafford (Manchester)', 34, 33, 700),
(193541, '2012-11-10', 0, 1, 11, 0, 'Britannia Stadium (Stoke-on-Trent, Staffordshire)', 72, 75, 699),
(193941, '2011-11-26', 1, 2, 13, 0, 'Carrow Road (Norwich, Norfolk)', 72, 71, 700),
(193942, '2011-11-26', 2, 1, 13, 0, 'Stadium of Light (Sunderland)', 61, 746, 700),
(193542, '2012-11-10', 2, 1, 11, 0, 'The DW Stadium (Wigan)', 60, 61, 699),
(193943, '2011-11-26', 3, 1, 13, 0, 'The Hawthorns (West Bromwich)', 47, 60, 700),
(193944, '2011-11-26', 1, 1, 13, 0, 'Emirates Stadium (London)', 36, 42, 700),
(193543, '2012-11-10', 3, 2, 11, 0, 'Villa Park (Birmingham)', 33, 66, 699),
(193945, '2011-11-27', 0, 0, 13, 0, 'Liberty Stadium (Swansea)', 66, 76, 700),
(193544, '2012-11-11', 1, 2, 11, 0, 'Etihad Stadium (Manchester)', 47, 50, 699),
(193545, '2012-11-11', 1, 0, 11, 0, 'St. James'' Park (Newcastle-upon-Tyne)', 48, 34, 699),
(193946, '2011-11-27', 1, 1, 13, 0, 'Anfield (Liverpool)', 50, 40, 700),
(193546, '2012-11-11', 1, 1, 11, 0, 'Stamford Bridge (London)', 40, 49, 699),
(193947, '2011-12-03', 3, 0, 14, 0, 'Sports Direct Arena (Newcastle-upon-Tyne)', 49, 34, 700),
(193547, '2012-11-17', 2, 5, 12, 0, 'Emirates Stadium (London)', 47, 42, 699),
(193948, '2011-12-03', 2, 4, 14, 0, 'Ewood Park (Blackburn)', 76, 67, 700),
(193548, '2012-11-17', 0, 3, 12, 0, 'Anfield (Liverpool)', 61, 40, 699),
(193549, '2012-11-17', 0, 5, 12, 0, 'Etihad Stadium (Manchester)', 66, 50, 699),
(193550, '2012-11-17', 2, 1, 12, 0, 'St. James'' Park (Newcastle-upon-Tyne)', 76, 34, 699),
(193551, '2012-11-17', 3, 1, 12, 0, 'Loftus Road Stadium (London)', 41, 72, 699),
(193552, '2012-11-17', 1, 2, 12, 0, 'Madejski Stadium (Reading)', 45, 53, 699),
(193553, '2012-11-17', 1, 2, 12, 0, 'The Hawthorns (West Bromwich)', 49, 60, 699),
(193554, '2012-11-17', 0, 1, 12, 0, 'Carrow Road (Norwich, Norfolk)', 33, 71, 699),
(193949, '2011-12-03', 1, 5, 14, 0, 'Etihad Stadium (Manchester)', 71, 50, 700),
(193950, '2011-12-03', 1, 1, 14, 0, 'Loftus Road Stadium (London)', 60, 72, 700),
(193951, '2011-12-03', 0, 3, 14, 0, 'White Hart Lane (London)', 68, 47, 700),
(193952, '2011-12-03', 4, 0, 14, 0, 'The DW Stadium (Wigan)', 42, 61, 700),
(193953, '2011-12-03', 1, 0, 14, 0, 'Villa Park (Birmingham)', 33, 66, 700),
(193555, '2012-11-18', 3, 1, 12, 0, 'Craven Cottage (London)', 746, 36, 699),
(193954, '2011-12-04', 1, 0, 14, 0, 'Goodison Park (Liverpool)', 75, 45, 700),
(193955, '2011-12-04', 1, 2, 14, 0, 'Molineux Stadium (Wolverhampton, West Midlands)', 746, 39, 700),
(193556, '2012-11-19', 1, 1, 12, 0, 'Boleyn Ground (London)', 75, 48, 699),
(193956, '2011-12-05', 0, 1, 14, 0, 'Craven Cottage (London)', 40, 36, 700),
(193557, '2012-11-24', 4, 2, 13, 0, 'Stadium of Light (Sunderland)', 60, 746, 699),
(193957, '2011-12-10', 0, 1, 15, 0, 'Emirates Stadium (London)', 45, 42, 700),
(193558, '2012-11-24', 1, 1, 13, 0, 'Goodison Park (Liverpool)', 71, 45, 699),
(193958, '2011-12-10', 2, 1, 15, 0, 'Reebok Stadium (Bolton)', 66, 68, 700),
(193559, '2012-11-24', 1, 3, 13, 0, 'Old Trafford (Manchester)', 72, 33, 699),
(193959, '2011-12-10', 0, 1, 15, 0, 'Anfield (Liverpool)', 72, 40, 700),
(193560, '2012-11-24', 0, 1, 13, 0, 'Britannia Stadium (Stoke-on-Trent, Staffordshire)', 36, 75, 699),
(193960, '2011-12-10', 1, 4, 15, 0, 'Old Trafford (Manchester)', 39, 33, 700),
(193561, '2012-11-24', 2, 3, 13, 0, 'The DW Stadium (Wigan)', 53, 61, 699),
(193961, '2011-12-10', 2, 4, 15, 0, 'Carrow Road (Norwich, Norfolk)', 34, 71, 700),
(193562, '2012-11-24', 0, 0, 13, 0, 'Villa Park (Birmingham)', 42, 66, 699),
(193962, '2011-12-10', 0, 2, 15, 0, 'Liberty Stadium (Swansea)', 36, 76, 700),
(193563, '2012-11-25', 0, 0, 13, 0, 'Liberty Stadium (Swansea)', 40, 76, 699),
(193963, '2011-12-10', 2, 1, 15, 0, 'The Hawthorns (West Bromwich)', 61, 60, 700),
(193564, '2012-11-25', 0, 2, 13, 0, 'St. Mary''s Stadium (Southampton, Hampshire)', 34, 41, 699),
(193964, '2011-12-11', 1, 2, 15, 0, 'Stadium of Light (Sunderland)', 67, 746, 700),
(193565, '2012-11-25', 0, 0, 13, 0, 'Stamford Bridge (London)', 50, 49, 699),
(193965, '2011-12-11', 1, 2, 15, 0, 'Britannia Stadium (Stoke-on-Trent, Staffordshire)', 47, 75, 700),
(193966, '2011-12-12', 1, 2, 15, 0, 'Stamford Bridge (London)', 50, 49, 700),
(193566, '2012-11-25', 1, 3, 13, 0, 'White Hart Lane (London)', 48, 47, 699),
(193967, '2011-12-17', 2, 1, 16, 0, 'Ewood Park (Blackburn)', 60, 67, 700),
(193567, '2012-11-27', 0, 0, 14, 0, 'Stadium of Light (Sunderland)', 72, 746, 699),
(193968, '2011-12-17', 1, 1, 16, 0, 'Goodison Park (Liverpool)', 71, 45, 700),
(193568, '2012-11-27', 0, 1, 14, 0, 'Villa Park (Birmingham)', 53, 66, 699),
(193969, '2011-12-17', 0, 2, 16, 0, 'Craven Cottage (London)', 68, 36, 700),
(193569, '2012-11-28', 1, 1, 14, 0, 'St. Mary''s Stadium (Southampton, Hampshire)', 71, 41, 699),
(193570, '2012-11-28', 1, 2, 14, 0, 'Britannia Stadium (Stoke-on-Trent, Staffordshire)', 34, 75, 699),
(193970, '2011-12-17', 0, 0, 16, 0, 'Sports Direct Arena (Newcastle-upon-Tyne)', 76, 34, 700),
(193571, '2012-11-28', 1, 3, 14, 0, 'Liberty Stadium (Swansea)', 60, 76, 699),
(193971, '2011-12-17', 2, 1, 16, 0, 'Molineux Stadium (Wolverhampton, West Midlands)', 75, 39, 700),
(193972, '2011-12-17', 1, 1, 16, 0, 'The DW Stadium (Wigan)', 49, 61, 700),
(193572, '2012-11-28', 1, 2, 14, 0, 'White Hart Lane (London)', 40, 47, 699),
(193973, '2011-12-18', 2, 0, 16, 0, 'Loftus Road Stadium (London)', 33, 72, 700),
(193573, '2012-11-28', 0, 0, 14, 0, 'Stamford Bridge (London)', 36, 49, 699),
(193974, '2011-12-18', 2, 0, 16, 0, 'Villa Park (Birmingham)', 40, 66, 700),
(193574, '2012-11-28', 1, 1, 14, 0, 'Goodison Park (Liverpool)', 42, 45, 699),
(193975, '2011-12-18', 0, 1, 16, 0, 'White Hart Lane (London)', 746, 47, 700),
(193575, '2012-11-28', 0, 1, 14, 0, 'Old Trafford (Manchester)', 48, 33, 699),
(193976, '2011-12-18', 0, 1, 16, 0, 'Etihad Stadium (Manchester)', 42, 50, 700),
(193576, '2012-11-28', 2, 0, 14, 0, 'The DW Stadium (Wigan)', 50, 61, 699),
(193977, '2011-12-20', 2, 2, 17, 0, 'Molineux Stadium (Wolverhampton, West Midlands)', 71, 39, 700),
(193577, '2012-12-01', 1, 3, 15, 0, 'Boleyn Ground (London)', 49, 48, 699),
(193978, '2011-12-20', 2, 1, 17, 0, 'Ewood Park (Blackburn)', 68, 67, 700),
(193979, '2011-12-21', 2, 1, 17, 0, 'Villa Park (Birmingham)', 42, 66, 700),
(193578, '2012-12-01', 2, 0, 15, 0, 'Emirates Stadium (London)', 76, 42, 699),
(193980, '2011-12-21', 0, 3, 17, 0, 'Etihad Stadium (Manchester)', 75, 50, 700),
(193579, '2012-12-01', 3, 0, 15, 0, 'Craven Cottage (London)', 47, 36, 699),
(193981, '2011-12-21', 3, 2, 17, 0, 'Sports Direct Arena (Newcastle-upon-Tyne)', 60, 34, 700),
(193580, '2012-12-01', 0, 1, 15, 0, 'Anfield (Liverpool)', 41, 40, 699),
(193982, '2011-12-21', 3, 2, 17, 0, 'Loftus Road Stadium (London)', 746, 72, 700),
(193581, '2012-12-01', 1, 1, 15, 0, 'Etihad Stadium (Manchester)', 45, 50, 699),
(193983, '2011-12-21', 0, 0, 17, 0, 'The DW Stadium (Wigan)', 40, 61, 700),
(193582, '2012-12-01', 1, 1, 15, 0, 'Loftus Road Stadium (London)', 66, 72, 699),
(193984, '2011-12-21', 0, 1, 17, 0, 'Goodison Park (Liverpool)', 76, 45, 700),
(193583, '2012-12-01', 1, 0, 15, 0, 'The Hawthorns (West Bromwich)', 75, 60, 699),
(193584, '2012-12-01', 4, 3, 15, 0, 'Madejski Stadium (Reading)', 33, 53, 699),
(193985, '2011-12-21', 5, 0, 17, 0, 'Craven Cottage (London)', 33, 36, 700),
(193585, '2012-12-02', 1, 2, 15, 0, 'Carrow Road (Norwich, Norfolk)', 746, 71, 699),
(193986, '2011-12-22', 1, 1, 17, 0, 'White Hart Lane (London)', 49, 47, 700),
(193586, '2012-12-03', 0, 3, 15, 0, 'St. James'' Park (Newcastle-upon-Tyne)', 61, 34, 699),
(193987, '2011-12-26', 1, 1, 18, 0, 'Stamford Bridge (London)', 36, 49, 700),
(193587, '2012-12-08', 0, 2, 16, 0, 'Emirates Stadium (London)', 60, 42, 699),
(193988, '2011-12-26', 2, 0, 18, 0, 'Reebok Stadium (Bolton)', 34, 68, 700),
(193588, '2012-12-08', 0, 0, 16, 0, 'Villa Park (Birmingham)', 75, 66, 699),
(193989, '2011-12-26', 1, 1, 18, 0, 'Anfield (Liverpool)', 67, 40, 700),
(193589, '2012-12-08', 0, 1, 16, 0, 'St. Mary''s Stadium (Southampton, Hampshire)', 53, 41, 699),
(193590, '2012-12-08', 3, 1, 16, 0, 'Stadium of Light (Sunderland)', 49, 746, 699),
(193990, '2011-12-26', 0, 5, 18, 0, 'Old Trafford (Manchester)', 61, 33, 700),
(193591, '2012-12-08', 4, 3, 16, 0, 'Liberty Stadium (Swansea)', 71, 76, 699),
(193592, '2012-12-08', 2, 2, 16, 0, 'The DW Stadium (Wigan)', 72, 61, 699),
(193991, '2011-12-26', 1, 1, 18, 0, 'Stadium of Light (Sunderland)', 45, 746, 700),
(193593, '2012-12-09', 3, 2, 16, 0, 'Etihad Stadium (Manchester)', 33, 50, 699),
(193992, '2011-12-26', 0, 0, 18, 0, 'The Hawthorns (West Bromwich)', 50, 60, 700),
(193594, '2012-12-09', 1, 2, 16, 0, 'Goodison Park (Liverpool)', 47, 45, 699),
(193993, '2011-12-26', 0, 0, 18, 0, 'Britannia Stadium (Stoke-on-Trent, Staffordshire)', 66, 75, 700),
(193595, '2012-12-09', 3, 2, 16, 0, 'Boleyn Ground (London)', 40, 48, 699),
(193994, '2011-12-27', 1, 1, 18, 0, 'Emirates Stadium (London)', 39, 42, 700),
(193596, '2012-12-10', 1, 2, 16, 0, 'Craven Cottage (London)', 34, 36, 699),
(193995, '2011-12-27', 1, 1, 18, 0, 'Liberty Stadium (Swansea)', 72, 76, 700),
(193456, '2012-12-11', 0, 3, 2, 0, 'Stadium of Light (Sunderland)', 53, 746, 699),
(193996, '2011-12-27', 2, 0, 18, 0, 'Carrow Road (Norwich, Norfolk)', 47, 71, 700),
(193597, '2012-12-15', 3, 1, 17, 0, 'St. James'' Park (Newcastle-upon-Tyne)', 50, 34, 699),
(193997, '2011-12-30', 1, 3, 19, 0, 'Anfield (Liverpool)', 34, 40, 700),
(193598, '2012-12-15', 3, 1, 17, 0, 'Anfield (Liverpool)', 66, 40, 699),
(193998, '2011-12-31', 3, 2, 19, 0, 'Old Trafford (Manchester)', 67, 33, 700),
(193599, '2012-12-15', 1, 3, 17, 0, 'Old Trafford (Manchester)', 746, 33, 699),
(193999, '2011-12-31', 0, 1, 19, 0, 'Emirates Stadium (London)', 72, 42, 700),
(193600, '2012-12-15', 1, 2, 17, 0, 'Carrow Road (Norwich, Norfolk)', 61, 71, 699),
(194000, '2011-12-31', 1, 1, 19, 0, 'Reebok Stadium (Bolton)', 39, 68, 700),
(193601, '2012-12-15', 1, 2, 17, 0, 'Loftus Road Stadium (London)', 36, 72, 699),
(193602, '2012-12-15', 1, 1, 17, 0, 'Britannia Stadium (Stoke-on-Trent, Staffordshire)', 45, 75, 699),
(194001, '2011-12-31', 3, 1, 19, 0, 'Stamford Bridge (London)', 66, 49, 700),
(193603, '2012-12-16', 0, 1, 17, 0, 'White Hart Lane (London)', 76, 47, 699),
(194002, '2011-12-31', 1, 1, 19, 0, 'Carrow Road (Norwich, Norfolk)', 36, 71, 700),
(194003, '2011-12-31', 2, 2, 19, 0, 'Britannia Stadium (Stoke-on-Trent, Staffordshire)', 61, 75, 700),
(194004, '2011-12-31', 1, 1, 19, 0, 'Liberty Stadium (Swansea)', 47, 76, 700),
(193604, '2012-12-16', 0, 0, 17, 0, 'The Hawthorns (West Bromwich)', 48, 60, 699),
(194005, '2012-01-01', 1, 0, 19, 0, 'The Hawthorns (West Bromwich)', 45, 60, 700),
(194006, '2012-01-01', 0, 1, 19, 0, 'Stadium of Light (Sunderland)', 50, 746, 700),
(194007, '2012-01-02', 2, 0, 20, 0, 'Villa Park (Birmingham)', 76, 66, 700),
(193605, '2012-12-17', 5, 2, 17, 0, 'Madejski Stadium (Reading)', 42, 53, 699),
(194008, '2012-01-02', 2, 1, 20, 0, 'Ewood Park (Blackburn)', 75, 67, 700),
(193607, '2012-12-22', 1, 0, 18, 0, 'The DW Stadium (Wigan)', 42, 61, 699),
(193608, '2012-12-22', 0, 1, 18, 0, 'Etihad Stadium (Manchester)', 53, 50, 699),
(194009, '2012-01-02', 2, 1, 20, 0, 'Loftus Road Stadium (London)', 71, 72, 700),
(193609, '2012-12-22', 0, 1, 18, 0, 'St. James'' Park (Newcastle-upon-Tyne)', 72, 34, 699),
(194010, '2012-01-02', 2, 1, 20, 0, 'Molineux Stadium (Wolverhampton, West Midlands)', 49, 39, 700),
(194011, '2012-01-02', 1, 2, 20, 0, 'Craven Cottage (London)', 42, 36, 700),
(194012, '2012-01-03', 0, 1, 20, 0, 'White Hart Lane (London)', 60, 47, 700),
(194013, '2012-01-03', 4, 1, 20, 0, 'The DW Stadium (Wigan)', 746, 61, 700),
(193610, '2012-12-22', 1, 0, 18, 0, 'St. Mary''s Stadium (Southampton, Hampshire)', 746, 41, 699),
(193611, '2012-12-22', 0, 0, 18, 0, 'White Hart Lane (London)', 75, 47, 699),
(193612, '2012-12-22', 1, 2, 18, 0, 'The Hawthorns (West Bromwich)', 71, 60, 699),
(193613, '2012-12-22', 2, 1, 18, 0, 'Boleyn Ground (London)', 45, 48, 699),
(194014, '2012-01-03', 0, 3, 20, 0, 'Etihad Stadium (Manchester)', 40, 50, 700),
(193614, '2012-12-22', 0, 4, 18, 0, 'Anfield (Liverpool)', 36, 40, 699),
(193615, '2012-12-23', 1, 1, 18, 0, 'Liberty Stadium (Swansea)', 33, 76, 699),
(194015, '2012-01-04', 2, 1, 20, 0, 'Goodison Park (Liverpool)', 68, 45, 700),
(194016, '2012-01-04', 0, 3, 20, 0, 'Sports Direct Arena (Newcastle-upon-Tyne)', 33, 34, 700),
(193826, '2012-01-11', 0, 2, 1, 0, 'White Hart Lane (London)', 45, 47, 700),
(194017, '2012-01-14', 1, 1, 21, 0, 'Villa Park (Birmingham)', 45, 66, 700),
(193616, '2012-12-23', 0, 8, 18, 0, 'Stamford Bridge (London)', 66, 49, 699),
(194018, '2012-01-14', 1, 3, 21, 0, 'Ewood Park (Blackburn)', 36, 67, 700),
(193617, '2012-12-26', 1, 2, 19, 0, 'Goodison Park (Liverpool)', 61, 45, 699),
(194019, '2012-01-14', 0, 1, 21, 0, 'Stamford Bridge (London)', 746, 49, 700),
(194020, '2012-01-14', 0, 0, 21, 0, 'Anfield (Liverpool)', 75, 40, 700),
(193618, '2012-12-26', 1, 1, 19, 0, 'Craven Cottage (London)', 41, 36, 699),
(194021, '2012-01-14', 0, 3, 21, 0, 'Old Trafford (Manchester)', 68, 33, 700),
(193619, '2012-12-26', 3, 4, 19, 0, 'Old Trafford (Manchester)', 34, 33, 699),
(194022, '2012-01-14', 1, 1, 21, 0, 'White Hart Lane (London)', 39, 47, 700),
(194023, '2012-01-14', 2, 1, 21, 0, 'The Hawthorns (West Bromwich)', 71, 60, 700),
(194024, '2012-01-15', 0, 1, 21, 0, 'Sports Direct Arena (Newcastle-upon-Tyne)', 72, 34, 700),
(193620, '2012-12-26', 1, 0, 19, 0, 'Carrow Road (Norwich, Norfolk)', 49, 71, 699),
(194025, '2012-01-15', 2, 3, 21, 0, 'Liberty Stadium (Swansea)', 42, 76, 700),
(193621, '2012-12-26', 0, 0, 19, 0, 'Madejski Stadium (Reading)', 76, 53, 699),
(194026, '2012-01-16', 1, 0, 21, 0, 'The DW Stadium (Wigan)', 50, 61, 700),
(194027, '2012-01-21', 0, 0, 22, 0, 'Carrow Road (Norwich, Norfolk)', 49, 71, 700),
(194028, '2012-01-21', 1, 1, 22, 0, 'Goodison Park (Liverpool)', 67, 45, 700),
(194029, '2012-01-21', 2, 5, 22, 0, 'Craven Cottage (London)', 34, 36, 700),
(193622, '2012-12-26', 0, 1, 19, 0, 'Stadium of Light (Sunderland)', 50, 746, 699),
(194030, '2012-01-21', 1, 3, 22, 0, 'Loftus Road Stadium (London)', 61, 72, 700),
(193623, '2012-12-26', 2, 1, 19, 0, 'Loftus Road Stadium (London)', 60, 72, 699),
(194031, '2012-01-21', 2, 1, 22, 0, 'Britannia Stadium (Stoke-on-Trent, Staffordshire)', 60, 75, 700),
(193624, '2012-12-26', 4, 0, 19, 0, 'Villa Park (Birmingham)', 47, 66, 699),
(194032, '2012-01-21', 0, 2, 22, 0, 'Stadium of Light (Sunderland)', 76, 746, 700),
(193625, '2012-12-26', 1, 3, 19, 0, 'Britannia Stadium (Stoke-on-Trent, Staffordshire)', 40, 75, 699),
(194033, '2012-01-21', 3, 2, 22, 0, 'Molineux Stadium (Wolverhampton, West Midlands)', 66, 39, 700),
(193627, '2012-12-29', 2, 1, 20, 0, 'Stadium of Light (Sunderland)', 47, 746, 699),
(194034, '2012-01-21', 1, 3, 22, 0, 'Reebok Stadium (Bolton)', 40, 68, 700),
(193628, '2012-12-29', 3, 0, 20, 0, 'Villa Park (Birmingham)', 61, 66, 699),
(193629, '2012-12-29', 2, 1, 20, 0, 'Craven Cottage (London)', 76, 36, 699),
(193630, '2012-12-29', 0, 2, 20, 0, 'Old Trafford (Manchester)', 60, 33, 699),
(194035, '2012-01-22', 2, 3, 22, 0, 'Etihad Stadium (Manchester)', 47, 50, 700),
(194036, '2012-01-22', 2, 1, 22, 0, 'Emirates Stadium (London)', 33, 42, 700),
(194037, '2012-01-31', 1, 1, 23, 0, 'Liberty Stadium (Swansea)', 49, 76, 700),
(193631, '2012-12-29', 4, 3, 20, 0, 'Carrow Road (Norwich, Norfolk)', 50, 71, 699),
(193632, '2012-12-29', 0, 1, 20, 0, 'Madejski Stadium (Reading)', 48, 53, 699),
(193633, '2012-12-29', 3, 3, 20, 0, 'Britannia Stadium (Stoke-on-Trent, Staffordshire)', 41, 75, 699),
(193634, '2012-12-29', 3, 7, 20, 0, 'Emirates Stadium (London)', 34, 42, 699),
(193635, '2012-12-30', 2, 1, 20, 0, 'Goodison Park (Liverpool)', 49, 45, 699),
(193636, '2012-12-30', 3, 0, 20, 0, 'Loftus Road Stadium (London)', 40, 72, 699),
(193637, '2013-01-01', 2, 1, 21, 0, 'The Hawthorns (West Bromwich)', 36, 60, 699),
(193638, '2013-01-01', 0, 3, 21, 0, 'Etihad Stadium (Manchester)', 75, 50, 699),
(193639, '2013-01-01', 2, 2, 21, 0, 'Liberty Stadium (Swansea)', 66, 76, 699),
(193640, '2013-01-01', 1, 3, 21, 0, 'White Hart Lane (London)', 53, 47, 699),
(194038, '2012-01-31', 1, 3, 23, 0, 'White Hart Lane (London)', 61, 47, 700),
(193641, '2013-01-01', 1, 2, 21, 0, 'Boleyn Ground (London)', 71, 48, 699),
(194039, '2012-01-31', 3, 0, 23, 0, 'Molineux Stadium (Wolverhampton, West Midlands)', 40, 39, 700),
(193642, '2013-01-01', 4, 0, 21, 0, 'The DW Stadium (Wigan)', 33, 61, 699),
(193643, '2013-01-01', 1, 1, 21, 0, 'St. Mary''s Stadium (Southampton, Hampshire)', 42, 41, 699),
(193644, '2013-01-02', 1, 0, 21, 0, 'Stamford Bridge (London)', 72, 49, 699),
(193645, '2013-01-02', 0, 3, 21, 0, 'Anfield (Liverpool)', 746, 40, 699),
(193646, '2013-01-02', 2, 1, 21, 0, 'St. James'' Park (Newcastle-upon-Tyne)', 45, 34, 699),
(193647, '2013-01-12', 0, 0, 22, 0, 'Loftus Road Stadium (London)', 47, 72, 699),
(193648, '2013-01-12', 1, 0, 22, 0, 'Villa Park (Birmingham)', 41, 66, 699),
(194040, '2012-01-31', 0, 2, 23, 0, 'Old Trafford (Manchester)', 75, 33, 700),
(193649, '2013-01-12', 0, 0, 22, 0, 'Goodison Park (Liverpool)', 76, 45, 699),
(194041, '2012-01-31', 0, 1, 23, 0, 'Goodison Park (Liverpool)', 50, 45, 700),
(193650, '2013-01-12', 1, 1, 22, 0, 'Craven Cottage (London)', 61, 36, 699),
(194042, '2012-02-01', 2, 2, 23, 0, 'Villa Park (Birmingham)', 72, 66, 700),
(193651, '2013-01-12', 0, 0, 22, 0, 'Carrow Road (Norwich, Norfolk)', 34, 71, 699),
(194043, '2012-02-01', 0, 0, 23, 0, 'Reebok Stadium (Bolton)', 42, 68, 700),
(193652, '2013-01-12', 2, 3, 22, 0, 'Madejski Stadium (Reading)', 60, 53, 699),
(194044, '2012-02-01', 0, 3, 23, 0, 'Stadium of Light (Sunderland)', 71, 746, 700),
(193653, '2013-01-12', 4, 0, 22, 0, 'Britannia Stadium (Stoke-on-Trent, Staffordshire)', 49, 75, 699),
(194045, '2012-02-01', 1, 1, 23, 0, 'Craven Cottage (London)', 60, 36, 700),
(194046, '2012-02-01', 2, 0, 23, 0, 'Ewood Park (Blackburn)', 34, 67, 700),
(193654, '2013-01-12', 0, 3, 22, 0, 'Stadium of Light (Sunderland)', 48, 746, 699),
(194047, '2012-02-04', 1, 7, 24, 0, 'Emirates Stadium (London)', 67, 42, 700),
(194048, '2012-02-04', 0, 2, 24, 0, 'Carrow Road (Norwich, Norfolk)', 68, 71, 700),
(193655, '2013-01-13', 1, 2, 22, 0, 'Old Trafford (Manchester)', 40, 33, 699),
(194049, '2012-02-04', 2, 1, 24, 0, 'Loftus Road Stadium (London)', 39, 72, 700),
(194050, '2012-02-04', 1, 0, 24, 0, 'Britannia Stadium (Stoke-on-Trent, Staffordshire)', 746, 75, 700),
(193656, '2013-01-13', 2, 0, 22, 0, 'Emirates Stadium (London)', 50, 42, 699),
(194051, '2012-02-04', 2, 1, 24, 0, 'The Hawthorns (West Bromwich)', 76, 60, 700),
(193606, '2013-01-16', 2, 2, 17, 0, 'Stamford Bridge (London)', 41, 49, 699),
(194052, '2012-02-04', 1, 1, 24, 0, 'The DW Stadium (Wigan)', 45, 61, 700),
(193657, '2013-01-19', 0, 5, 23, 0, 'Anfield (Liverpool)', 71, 40, 699),
(193658, '2013-01-19', 0, 2, 23, 0, 'Etihad Stadium (Manchester)', 36, 50, 699),
(194053, '2012-02-04', 0, 3, 24, 0, 'Etihad Stadium (Manchester)', 36, 50, 700),
(193659, '2013-01-19', 2, 1, 23, 0, 'St. James'' Park (Newcastle-upon-Tyne)', 53, 34, 699),
(193660, '2013-01-19', 1, 3, 23, 0, 'Liberty Stadium (Swansea)', 75, 76, 699),
(193661, '2013-01-19', 1, 1, 23, 0, 'Boleyn Ground (London)', 72, 48, 699),
(193662, '2013-01-19', 3, 2, 23, 0, 'The DW Stadium (Wigan)', 746, 61, 699),
(193663, '2013-01-19', 2, 2, 23, 0, 'The Hawthorns (West Bromwich)', 66, 60, 699),
(193664, '2013-01-20', 1, 2, 23, 0, 'Stamford Bridge (London)', 42, 49, 699),
(193665, '2013-01-20', 1, 1, 23, 0, 'White Hart Lane (London)', 33, 47, 699),
(194054, '2012-02-05', 1, 2, 24, 0, 'Sports Direct Arena (Newcastle-upon-Tyne)', 66, 34, 700),
(193666, '2013-01-21', 0, 0, 23, 0, 'St. Mary''s Stadium (Southampton, Hampshire)', 45, 41, 699),
(194055, '2012-02-05', 3, 3, 24, 0, 'Stamford Bridge (London)', 33, 49, 700),
(193626, '2013-01-23', 1, 5, 19, 0, 'Emirates Stadium (London)', 48, 42, 699),
(193667, '2013-01-29', 2, 1, 24, 0, 'Villa Park (Birmingham)', 34, 66, 699),
(193668, '2013-01-29', 0, 0, 24, 0, 'Loftus Road Stadium (London)', 50, 72, 699),
(194056, '2012-02-06', 0, 0, 24, 0, 'Anfield (Liverpool)', 47, 40, 700),
(193669, '2013-01-29', 2, 2, 24, 0, 'Britannia Stadium (Stoke-on-Trent, Staffordshire)', 61, 75, 699),
(193670, '2013-01-29', 0, 0, 24, 0, 'Stadium of Light (Sunderland)', 76, 746, 699),
(193671, '2013-01-30', 2, 2, 24, 0, 'Emirates Stadium (London)', 40, 42, 699),
(193672, '2013-01-30', 1, 1, 24, 0, 'Carrow Road (Norwich, Norfolk)', 47, 71, 699),
(194057, '2012-02-11', 1, 2, 25, 0, 'Old Trafford (Manchester)', 40, 33, 700),
(193673, '2013-01-30', 1, 2, 24, 0, 'Goodison Park (Liverpool)', 60, 45, 699),
(193674, '2013-01-30', 1, 2, 24, 0, 'Old Trafford (Manchester)', 41, 33, 699),
(194058, '2012-02-11', 2, 3, 25, 0, 'Ewood Park (Blackburn)', 72, 67, 700),
(193675, '2013-01-30', 2, 2, 24, 0, 'Madejski Stadium (Reading)', 49, 53, 699),
(194059, '2012-02-11', 2, 1, 25, 0, 'Reebok Stadium (Bolton)', 61, 68, 700),
(193676, '2013-01-30', 1, 3, 24, 0, 'Craven Cottage (London)', 48, 36, 699),
(194060, '2012-02-11', 0, 2, 25, 0, 'Goodison Park (Liverpool)', 49, 45, 700),
(193677, '2013-02-02', 0, 0, 25, 0, 'Loftus Road Stadium (London)', 71, 72, 699),
(194061, '2012-02-11', 1, 2, 25, 0, 'Craven Cottage (London)', 75, 36, 700),
(193678, '2013-02-02', 0, 1, 25, 0, 'Emirates Stadium (London)', 75, 42, 699),
(194062, '2012-02-11', 2, 1, 25, 0, 'Stadium of Light (Sunderland)', 42, 746, 700),
(193679, '2013-02-02', 3, 3, 25, 0, 'Goodison Park (Liverpool)', 66, 45, 699),
(193680, '2013-02-02', 2, 3, 25, 0, 'St. James'' Park (Newcastle-upon-Tyne)', 49, 34, 699),
(194063, '2012-02-11', 3, 2, 25, 0, 'Liberty Stadium (Swansea)', 71, 76, 700),
(194064, '2012-02-11', 0, 5, 25, 0, 'White Hart Lane (London)', 34, 47, 700),
(193681, '2013-02-02', 1, 2, 25, 0, 'Madejski Stadium (Reading)', 746, 53, 699),
(193682, '2013-02-02', 0, 1, 25, 0, 'Boleyn Ground (London)', 76, 48, 699),
(194065, '2012-02-12', 5, 1, 25, 0, 'Molineux Stadium (Wolverhampton, West Midlands)', 60, 39, 700),
(193683, '2013-02-02', 2, 2, 25, 0, 'The DW Stadium (Wigan)', 41, 61, 699),
(194066, '2012-02-12', 1, 0, 25, 0, 'Villa Park (Birmingham)', 50, 66, 700),
(193684, '2013-02-02', 1, 0, 25, 0, 'Craven Cottage (London)', 33, 36, 699),
(193685, '2013-02-03', 1, 0, 25, 0, 'The Hawthorns (West Bromwich)', 47, 60, 699),
(194067, '2012-02-25', 0, 3, 26, 0, 'Stamford Bridge (London)', 68, 49, 700),
(193686, '2013-02-03', 2, 2, 25, 0, 'Etihad Stadium (Manchester)', 40, 50, 699),
(194068, '2012-02-25', 2, 2, 26, 0, 'Sports Direct Arena (Newcastle-upon-Tyne)', 39, 34, 700),
(193687, '2013-02-09', 1, 2, 26, 0, 'White Hart Lane (London)', 34, 47, 699),
(194069, '2012-02-25', 1, 0, 26, 0, 'Loftus Road Stadium (London)', 36, 72, 700),
(193688, '2013-02-09', 1, 4, 26, 0, 'Stamford Bridge (London)', 61, 49, 699),
(194070, '2012-02-25', 0, 4, 26, 0, 'The Hawthorns (West Bromwich)', 746, 60, 700),
(193689, '2013-02-09', 0, 0, 26, 0, 'Carrow Road (Norwich, Norfolk)', 36, 71, 699),
(194071, '2012-02-25', 0, 0, 26, 0, 'The DW Stadium (Wigan)', 66, 61, 700),
(194072, '2012-02-25', 0, 3, 26, 0, 'Etihad Stadium (Manchester)', 67, 50, 700),
(193690, '2013-02-09', 1, 2, 26, 0, 'Britannia Stadium (Stoke-on-Trent, Staffordshire)', 53, 75, 699),
(194073, '2012-02-26', 2, 5, 26, 0, 'Emirates Stadium (London)', 47, 42, 700),
(193691, '2013-02-09', 1, 0, 26, 0, 'Stadium of Light (Sunderland)', 42, 746, 699),
(194074, '2012-02-26', 2, 1, 26, 0, 'Carrow Road (Norwich, Norfolk)', 33, 71, 700),
(193692, '2013-02-09', 1, 4, 26, 0, 'Liberty Stadium (Swansea)', 72, 76, 699),
(193693, '2013-02-09', 1, 3, 26, 0, 'St. Mary''s Stadium (Southampton, Hampshire)', 50, 41, 699),
(194075, '2012-02-26', 0, 2, 26, 0, 'Britannia Stadium (Stoke-on-Trent, Staffordshire)', 76, 75, 700),
(193694, '2013-02-10', 1, 2, 26, 0, 'Villa Park (Birmingham)', 48, 66, 699),
(193695, '2013-02-10', 0, 2, 26, 0, 'Old Trafford (Manchester)', 45, 33, 699),
(193696, '2013-02-11', 2, 0, 26, 0, 'Anfield (Liverpool)', 60, 40, 699),
(193697, '2013-02-17', 0, 5, 27, 0, 'Anfield (Liverpool)', 76, 40, 699),
(193698, '2013-02-23', 0, 1, 27, 0, 'Craven Cottage (London)', 75, 36, 699),
(193699, '2013-02-23', 1, 2, 27, 0, 'Emirates Stadium (London)', 66, 42, 699),
(193700, '2013-02-23', 1, 2, 27, 0, 'Carrow Road (Norwich, Norfolk)', 45, 71, 699),
(194077, '2012-03-03', 2, 1, 27, 0, 'Anfield (Liverpool)', 42, 40, 700),
(194078, '2012-03-03', 1, 1, 27, 0, 'Ewood Park (Blackburn)', 66, 67, 700),
(193701, '2013-02-23', 2, 0, 27, 0, 'Loftus Road Stadium (London)', 33, 72, 699),
(194079, '2012-03-03', 0, 2, 27, 0, 'Etihad Stadium (Manchester)', 68, 50, 700),
(193702, '2013-02-23', 3, 0, 27, 0, 'Madejski Stadium (Reading)', 61, 53, 699),
(194080, '2012-03-03', 1, 1, 27, 0, 'Loftus Road Stadium (London)', 45, 72, 700),
(193703, '2013-02-23', 1, 2, 27, 0, 'The Hawthorns (West Bromwich)', 746, 60, 699),
(194081, '2012-03-03', 0, 1, 27, 0, 'Britannia Stadium (Stoke-on-Trent, Staffordshire)', 71, 75, 700),
(193704, '2013-02-24', 0, 2, 27, 0, 'Etihad Stadium (Manchester)', 49, 50, 699),
(194082, '2012-03-03', 0, 1, 27, 0, 'The Hawthorns (West Bromwich)', 49, 60, 700),
(193705, '2013-02-24', 2, 4, 27, 0, 'St. James'' Park (Newcastle-upon-Tyne)', 41, 34, 699),
(193706, '2013-02-25', 3, 2, 27, 0, 'Boleyn Ground (London)', 47, 48, 699),
(194083, '2012-03-03', 2, 0, 27, 0, 'The DW Stadium (Wigan)', 76, 61, 700),
(193707, '2013-03-02', 0, 1, 28, 0, 'Stamford Bridge (London)', 60, 49, 699),
(194084, '2012-03-04', 1, 1, 27, 0, 'Sports Direct Arena (Newcastle-upon-Tyne)', 746, 34, 700),
(193708, '2013-03-02', 1, 3, 28, 0, 'Goodison Park (Liverpool)', 53, 45, 699),
(194085, '2012-03-04', 0, 5, 27, 0, 'Craven Cottage (London)', 39, 36, 700),
(193709, '2013-03-02', 0, 4, 28, 0, 'Old Trafford (Manchester)', 71, 33, 699),
(194086, '2012-03-04', 3, 1, 27, 0, 'White Hart Lane (London)', 33, 47, 700),
(194087, '2012-03-10', 1, 2, 28, 0, 'Reebok Stadium (Bolton)', 72, 68, 700),
(194088, '2012-03-10', 0, 1, 28, 0, 'Villa Park (Birmingham)', 36, 66, 700),
(194089, '2012-03-10', 0, 1, 28, 0, 'Stamford Bridge (London)', 75, 49, 700),
(193710, '2013-03-02', 2, 1, 28, 0, 'St. Mary''s Stadium (Southampton, Hampshire)', 72, 41, 699),
(193711, '2013-03-02', 1, 0, 28, 0, 'Britannia Stadium (Stoke-on-Trent, Staffordshire)', 48, 75, 699),
(193712, '2013-03-02', 2, 2, 28, 0, 'Stadium of Light (Sunderland)', 36, 746, 699),
(193713, '2013-03-02', 0, 1, 28, 0, 'Liberty Stadium (Swansea)', 34, 76, 699),
(193714, '2013-03-02', 4, 0, 28, 0, 'The DW Stadium (Wigan)', 40, 61, 699),
(194090, '2012-03-10', 0, 1, 28, 0, 'Stadium of Light (Sunderland)', 40, 746, 700),
(193715, '2013-03-03', 1, 2, 28, 0, 'White Hart Lane (London)', 42, 47, 699),
(194091, '2012-03-10', 2, 0, 28, 0, 'Molineux Stadium (Wolverhampton, West Midlands)', 67, 39, 700),
(193716, '2013-03-04', 1, 0, 28, 0, 'Villa Park (Birmingham)', 50, 66, 699),
(194092, '2012-03-10', 0, 1, 28, 0, 'Goodison Park (Liverpool)', 47, 45, 700),
(193717, '2013-03-09', 0, 0, 29, 0, 'Carrow Road (Norwich, Norfolk)', 41, 71, 699),
(193718, '2013-03-09', 1, 3, 29, 0, 'Loftus Road Stadium (London)', 746, 72, 699),
(194093, '2012-03-11', 0, 2, 28, 0, 'Old Trafford (Manchester)', 60, 33, 700),
(193719, '2013-03-09', 2, 1, 29, 0, 'Madejski Stadium (Reading)', 66, 53, 699),
(193720, '2013-03-09', 1, 2, 29, 0, 'The Hawthorns (West Bromwich)', 76, 60, 699),
(193721, '2013-03-10', 1, 2, 29, 0, 'St. James'' Park (Newcastle-upon-Tyne)', 75, 34, 699),
(193722, '2013-03-10', 2, 3, 29, 0, 'Anfield (Liverpool)', 47, 40, 699),
(194094, '2012-03-11', 0, 1, 28, 0, 'Liberty Stadium (Swansea)', 50, 76, 700),
(194095, '2012-03-11', 1, 1, 28, 0, 'Carrow Road (Norwich, Norfolk)', 61, 71, 700),
(194096, '2012-03-12', 1, 2, 28, 0, 'Emirates Stadium (London)', 34, 42, 700),
(194076, '2012-03-13', 0, 3, 26, 0, 'Anfield (Liverpool)', 45, 40, 700),
(194097, '2012-03-17', 3, 0, 29, 0, 'Craven Cottage (London)', 76, 36, 700),
(194098, '2012-03-17', 1, 1, 29, 0, 'The DW Stadium (Wigan)', 60, 61, 700),
(194099, '2012-03-18', 5, 0, 29, 0, 'Molineux Stadium (Wolverhampton, West Midlands)', 33, 39, 700),
(194100, '2012-03-18', 0, 1, 29, 0, 'Sports Direct Arena (Newcastle-upon-Tyne)', 71, 34, 700),
(194101, '2012-03-20', 0, 2, 29, 0, 'Ewood Park (Blackburn)', 746, 67, 700),
(193727, '2013-03-16', 0, 2, 30, 0, 'Goodison Park (Liverpool)', 50, 45, 699),
(194102, '2012-03-21', 1, 2, 29, 0, 'Etihad Stadium (Manchester)', 49, 50, 700),
(193728, '2013-03-16', 2, 3, 30, 0, 'Villa Park (Birmingham)', 72, 66, 699),
(194103, '2012-03-21', 1, 1, 29, 0, 'White Hart Lane (London)', 75, 47, 700),
(193729, '2013-03-16', 1, 3, 30, 0, 'St. Mary''s Stadium (Southampton, Hampshire)', 40, 41, 699),
(194104, '2012-03-21', 1, 0, 29, 0, 'Goodison Park (Liverpool)', 42, 45, 700),
(193730, '2013-03-16', 0, 0, 30, 0, 'Britannia Stadium (Stoke-on-Trent, Staffordshire)', 60, 75, 699),
(193731, '2013-03-16', 2, 0, 30, 0, 'Liberty Stadium (Swansea)', 42, 76, 699),
(193732, '2013-03-16', 0, 1, 30, 0, 'Old Trafford (Manchester)', 53, 33, 699),
(193733, '2013-03-17', 1, 1, 30, 0, 'Stadium of Light (Sunderland)', 71, 746, 699),
(193734, '2013-03-17', 1, 0, 30, 0, 'White Hart Lane (London)', 36, 47, 699),
(193735, '2013-03-17', 0, 2, 30, 0, 'Stamford Bridge (London)', 48, 49, 699),
(193736, '2013-03-17', 1, 2, 30, 0, 'The DW Stadium (Wigan)', 34, 61, 699),
(193737, '2013-03-30', 1, 0, 31, 0, 'Stadium of Light (Sunderland)', 33, 746, 699),
(194105, '2012-03-21', 2, 3, 29, 0, 'Loftus Road Stadium (London)', 40, 72, 700),
(194107, '2012-03-24', 0, 0, 30, 0, 'Stamford Bridge (London)', 47, 49, 700),
(194108, '2012-03-24', 0, 3, 30, 0, 'Emirates Stadium (London)', 66, 42, 700),
(194109, '2012-03-24', 1, 2, 30, 0, 'Reebok Stadium (Bolton)', 67, 68, 700),
(193738, '2013-03-30', 1, 4, 31, 0, 'Emirates Stadium (London)', 53, 42, 699),
(193739, '2013-03-30', 0, 4, 31, 0, 'Etihad Stadium (Manchester)', 34, 50, 699),
(194110, '2012-03-24', 2, 1, 30, 0, 'Anfield (Liverpool)', 61, 40, 700),
(194111, '2012-03-24', 1, 2, 30, 0, 'Carrow Road (Norwich, Norfolk)', 39, 71, 700),
(194112, '2012-03-24', 1, 3, 30, 0, 'Stadium of Light (Sunderland)', 72, 746, 700),
(193740, '2013-03-30', 1, 2, 31, 0, 'St. Mary''s Stadium (Southampton, Hampshire)', 49, 41, 699),
(193741, '2013-03-30', 2, 1, 31, 0, 'Liberty Stadium (Swansea)', 47, 76, 699),
(193742, '2013-03-30', 1, 3, 31, 0, 'Boleyn Ground (London)', 60, 48, 699),
(193743, '2013-03-30', 0, 1, 31, 0, 'The DW Stadium (Wigan)', 71, 61, 699),
(193744, '2013-03-30', 0, 1, 31, 0, 'Goodison Park (Liverpool)', 75, 45, 699),
(194113, '2012-03-24', 2, 0, 30, 0, 'Liberty Stadium (Swansea)', 45, 76, 700),
(194114, '2012-03-24', 1, 1, 30, 0, 'Britannia Stadium (Stoke-on-Trent, Staffordshire)', 50, 75, 700),
(193745, '2013-03-31', 2, 1, 31, 0, 'Villa Park (Birmingham)', 40, 66, 699),
(194115, '2012-03-25', 3, 1, 30, 0, 'The Hawthorns (West Bromwich)', 34, 60, 700),
(193746, '2013-04-01', 2, 3, 31, 0, 'Craven Cottage (London)', 72, 36, 699),
(194116, '2012-03-26', 0, 1, 30, 0, 'Old Trafford (Manchester)', 36, 33, 700),
(193747, '2013-04-06', 2, 0, 32, 0, 'Madejski Stadium (Reading)', 41, 53, 699),
(194117, '2012-03-31', 4, 2, 31, 0, 'Villa Park (Birmingham)', 49, 66, 700),
(194118, '2012-03-31', 0, 2, 31, 0, 'Goodison Park (Liverpool)', 60, 45, 700),
(193748, '2013-04-06', 2, 2, 32, 0, 'Carrow Road (Norwich, Norfolk)', 76, 71, 699),
(193749, '2013-04-06', 3, 1, 32, 0, 'Britannia Stadium (Stoke-on-Trent, Staffordshire)', 66, 75, 699),
(193750, '2013-04-06', 2, 1, 32, 0, 'The Hawthorns (West Bromwich)', 42, 60, 699),
(193751, '2013-04-07', 0, 0, 32, 0, 'Anfield (Liverpool)', 48, 40, 699),
(193752, '2013-04-07', 2, 2, 32, 0, 'White Hart Lane (London)', 45, 47, 699),
(193753, '2013-04-07', 1, 2, 32, 0, 'Stamford Bridge (London)', 746, 49, 699),
(193754, '2013-04-07', 0, 1, 32, 0, 'St. James'' Park (Newcastle-upon-Tyne)', 36, 34, 699),
(193755, '2013-04-07', 1, 1, 32, 0, 'Loftus Road Stadium (London)', 61, 72, 699),
(193756, '2013-04-08', 2, 1, 32, 0, 'Old Trafford (Manchester)', 50, 33, 699),
(193757, '2013-04-13', 1, 3, 33, 0, 'Emirates Stadium (London)', 71, 42, 699),
(194119, '2012-03-31', 1, 2, 31, 0, 'Craven Cottage (London)', 71, 36, 700),
(193758, '2013-04-13', 1, 1, 33, 0, 'Villa Park (Birmingham)', 36, 66, 699),
(194120, '2012-03-31', 3, 3, 31, 0, 'Etihad Stadium (Manchester)', 746, 50, 700),
(194121, '2012-03-31', 1, 2, 31, 0, 'Loftus Road Stadium (London)', 42, 72, 700),
(193759, '2013-04-13', 0, 2, 33, 0, 'Goodison Park (Liverpool)', 72, 45, 699),
(193760, '2013-04-13', 0, 0, 33, 0, 'Madejski Stadium (Reading)', 40, 53, 699),
(194122, '2012-03-31', 0, 2, 31, 0, 'The DW Stadium (Wigan)', 75, 61, 700);
INSERT INTO `fixture` (`id`, `event_date`, `goals_away_team`, `goals_home_team`, `round`, `status`, `venue`, `away_team_id`, `home_team_id`, `league_id`) VALUES
(194123, '2012-03-31', 3, 2, 31, 0, 'Molineux Stadium (Wolverhampton, West Midlands)', 68, 39, 700),
(193761, '2013-04-13', 1, 1, 33, 0, 'St. Mary''s Stadium (Southampton, Hampshire)', 48, 41, 699),
(194124, '2012-04-01', 0, 2, 31, 0, 'Sports Direct Arena (Newcastle-upon-Tyne)', 40, 34, 700),
(193762, '2013-04-14', 3, 0, 33, 0, 'St. James'' Park (Newcastle-upon-Tyne)', 746, 34, 699),
(194125, '2012-04-01', 1, 3, 31, 0, 'White Hart Lane (London)', 76, 47, 700),
(193763, '2013-04-14', 2, 0, 33, 0, 'Britannia Stadium (Stoke-on-Trent, Staffordshire)', 33, 75, 699),
(193723, '2013-04-16', 0, 0, 29, 0, 'Emirates Stadium (London)', 45, 42, 699),
(194126, '2012-04-02', 2, 0, 31, 0, 'Ewood Park (Blackburn)', 33, 67, 700),
(193724, '2013-04-17', 0, 1, 29, 0, 'Etihad Stadium (Manchester)', 61, 50, 699),
(194127, '2012-04-06', 2, 0, 32, 0, 'Liberty Stadium (Swansea)', 34, 76, 700),
(194128, '2012-04-07', 0, 0, 32, 0, 'Stadium of Light (Sunderland)', 47, 746, 700),
(193725, '2013-04-17', 2, 2, 29, 0, 'Boleyn Ground (London)', 33, 48, 699),
(194129, '2012-04-07', 3, 0, 32, 0, 'Reebok Stadium (Bolton)', 36, 68, 700),
(193726, '2013-04-17', 3, 0, 29, 0, 'Craven Cottage (London)', 49, 36, 699),
(193767, '2013-04-20', 1, 0, 34, 0, 'Craven Cottage (London)', 42, 36, 699),
(194130, '2012-04-07', 1, 2, 32, 0, 'Stamford Bridge (London)', 61, 49, 700),
(194131, '2012-04-07', 1, 1, 32, 0, 'Anfield (Liverpool)', 66, 40, 700),
(193768, '2013-04-20', 1, 2, 34, 0, 'Carrow Road (Norwich, Norfolk)', 53, 71, 699),
(194132, '2012-04-07', 2, 2, 32, 0, 'Carrow Road (Norwich, Norfolk)', 45, 71, 700),
(193769, '2013-04-20', 2, 0, 34, 0, 'Loftus Road Stadium (London)', 75, 72, 699),
(194133, '2012-04-07', 0, 3, 32, 0, 'The Hawthorns (West Bromwich)', 67, 60, 700),
(193770, '2013-04-20', 0, 1, 34, 0, 'Stadium of Light (Sunderland)', 45, 746, 699),
(194134, '2012-04-07', 1, 2, 32, 0, 'Britannia Stadium (Stoke-on-Trent, Staffordshire)', 39, 75, 700),
(193771, '2013-04-20', 0, 0, 34, 0, 'Liberty Stadium (Swansea)', 41, 76, 699),
(194135, '2012-04-08', 0, 2, 32, 0, 'Old Trafford (Manchester)', 72, 33, 700),
(193772, '2013-04-20', 1, 1, 34, 0, 'The Hawthorns (West Bromwich)', 34, 60, 699),
(194136, '2012-04-08', 0, 1, 32, 0, 'Emirates Stadium (London)', 50, 42, 700),
(193773, '2013-04-20', 0, 2, 34, 0, 'Boleyn Ground (London)', 61, 48, 699),
(194137, '2012-04-09', 0, 4, 33, 0, 'Goodison Park (Liverpool)', 746, 45, 700),
(193774, '2013-04-21', 1, 3, 34, 0, 'White Hart Lane (London)', 50, 47, 699),
(194138, '2012-04-09', 0, 2, 33, 0, 'Sports Direct Arena (Newcastle-upon-Tyne)', 68, 34, 700),
(194139, '2012-04-09', 2, 1, 33, 0, 'White Hart Lane (London)', 71, 47, 700),
(193775, '2013-04-21', 2, 2, 34, 0, 'Anfield (Liverpool)', 49, 40, 699),
(194140, '2012-04-09', 1, 1, 33, 0, 'Villa Park (Birmingham)', 75, 66, 700),
(193776, '2013-04-22', 0, 3, 34, 0, 'Old Trafford (Manchester)', 66, 33, 699),
(193777, '2013-04-27', 1, 2, 35, 0, 'Etihad Stadium (Manchester)', 48, 50, 699),
(194141, '2012-04-09', 1, 1, 33, 0, 'Craven Cottage (London)', 49, 36, 700),
(193778, '2013-04-27', 0, 1, 35, 0, 'Goodison Park (Liverpool)', 36, 45, 699),
(194142, '2012-04-10', 3, 2, 33, 0, 'Ewood Park (Blackburn)', 40, 67, 700),
(193779, '2013-04-27', 3, 0, 35, 0, 'St. Mary''s Stadium (Southampton, Hampshire)', 60, 41, 699),
(194143, '2012-04-11', 0, 4, 33, 0, 'Etihad Stadium (Manchester)', 60, 50, 700),
(194144, '2012-04-11', 0, 1, 33, 0, 'The DW Stadium (Wigan)', 33, 61, 700),
(193780, '2013-04-27', 0, 1, 35, 0, 'Britannia Stadium (Stoke-on-Trent, Staffordshire)', 71, 75, 699),
(194145, '2012-04-11', 3, 0, 33, 0, 'Molineux Stadium (Wolverhampton, West Midlands)', 42, 39, 700),
(193781, '2013-04-27', 2, 2, 35, 0, 'The DW Stadium (Wigan)', 47, 61, 699),
(193782, '2013-04-27', 6, 0, 35, 0, 'St. James'' Park (Newcastle-upon-Tyne)', 40, 34, 699),
(193783, '2013-04-28', 0, 0, 35, 0, 'Madejski Stadium (Reading)', 72, 53, 699),
(193784, '2013-04-28', 0, 2, 35, 0, 'Stamford Bridge (London)', 76, 49, 699),
(193785, '2013-04-28', 1, 1, 35, 0, 'Emirates Stadium (London)', 33, 42, 699),
(193786, '2013-04-29', 1, 6, 35, 0, 'Villa Park (Birmingham)', 746, 66, 699),
(194146, '2012-04-11', 0, 3, 33, 0, 'Loftus Road Stadium (London)', 76, 72, 700),
(193787, '2013-05-04', 4, 2, 36, 0, 'Craven Cottage (London)', 53, 36, 699),
(194147, '2012-04-14', 6, 1, 34, 0, 'Carrow Road (Norwich, Norfolk)', 50, 71, 700),
(194148, '2012-04-14', 0, 0, 34, 0, 'Stadium of Light (Sunderland)', 39, 746, 700),
(194149, '2012-04-14', 0, 3, 34, 0, 'Liberty Stadium (Swansea)', 67, 76, 700),
(194150, '2012-04-14', 0, 1, 34, 0, 'The Hawthorns (West Bromwich)', 72, 60, 700),
(194151, '2012-04-15', 0, 4, 34, 0, 'Old Trafford (Manchester)', 66, 33, 700),
(193788, '2013-05-04', 2, 1, 36, 0, 'Carrow Road (Norwich, Norfolk)', 66, 71, 699),
(194152, '2012-04-16', 2, 1, 34, 0, 'Emirates Stadium (London)', 61, 42, 700),
(194157, '2012-04-21', 0, 0, 35, 0, 'Emirates Stadium (London)', 49, 42, 700),
(193789, '2013-05-04', 0, 0, 36, 0, 'Liberty Stadium (Swansea)', 50, 76, 699),
(194158, '2012-04-21', 0, 0, 35, 0, 'Villa Park (Birmingham)', 746, 66, 700),
(193790, '2013-05-04', 3, 2, 36, 0, 'The Hawthorns (West Bromwich)', 61, 60, 699),
(194159, '2012-04-21', 0, 2, 35, 0, 'Ewood Park (Blackburn)', 71, 67, 700),
(193791, '2013-05-04', 0, 0, 36, 0, 'Boleyn Ground (London)', 34, 48, 699),
(194160, '2012-04-21', 1, 1, 35, 0, 'Reebok Stadium (Bolton)', 76, 68, 700),
(193792, '2013-05-04', 0, 1, 36, 0, 'White Hart Lane (London)', 41, 47, 699),
(193793, '2013-05-04', 1, 0, 36, 0, 'Loftus Road Stadium (London)', 42, 72, 699),
(194161, '2012-04-21', 1, 2, 35, 0, 'Craven Cottage (London)', 61, 36, 700),
(194162, '2012-04-21', 0, 3, 35, 0, 'Sports Direct Arena (Newcastle-upon-Tyne)', 75, 34, 700),
(193794, '2013-05-05', 0, 0, 36, 0, 'Anfield (Liverpool)', 45, 40, 699),
(193795, '2013-05-05', 1, 0, 36, 0, 'Old Trafford (Manchester)', 49, 33, 699),
(194163, '2012-04-21', 0, 1, 35, 0, 'Loftus Road Stadium (London)', 47, 72, 700),
(194164, '2012-04-22', 4, 4, 35, 0, 'Old Trafford (Manchester)', 45, 33, 700),
(193796, '2013-05-06', 1, 1, 36, 0, 'Stadium of Light (Sunderland)', 75, 746, 699),
(193764, '2013-05-07', 0, 1, 33, 0, 'Etihad Stadium (Manchester)', 60, 50, 699),
(194165, '2012-04-22', 1, 0, 35, 0, 'Anfield (Liverpool)', 60, 40, 700),
(193765, '2013-05-07', 3, 2, 33, 0, 'The DW Stadium (Wigan)', 76, 61, 699),
(193766, '2013-05-08', 2, 2, 33, 0, 'Stamford Bridge (London)', 47, 49, 699),
(193797, '2013-05-11', 2, 1, 37, 0, 'Villa Park (Birmingham)', 49, 66, 699),
(193798, '2013-05-12', 2, 1, 37, 0, 'Britannia Stadium (Stoke-on-Trent, Staffordshire)', 47, 75, 699),
(193799, '2013-05-12', 0, 2, 37, 0, 'Goodison Park (Liverpool)', 48, 45, 699),
(193800, '2013-05-12', 3, 1, 37, 0, 'Craven Cottage (London)', 40, 36, 699),
(193801, '2013-05-12', 0, 4, 37, 0, 'Carrow Road (Norwich, Norfolk)', 60, 71, 699),
(193802, '2013-05-12', 2, 1, 37, 0, 'Loftus Road Stadium (London)', 34, 72, 699),
(193803, '2013-05-12', 1, 1, 37, 0, 'Stadium of Light (Sunderland)', 41, 746, 699),
(193804, '2013-05-12', 1, 2, 37, 0, 'Old Trafford (Manchester)', 76, 33, 699),
(193805, '2013-05-14', 1, 4, 37, 0, 'Emirates Stadium (London)', 61, 42, 699),
(193806, '2013-05-14', 2, 0, 37, 0, 'Madejski Stadium (Reading)', 50, 53, 699),
(193807, '2013-05-19', 1, 2, 38, 0, 'Stamford Bridge (London)', 45, 49, 699),
(193808, '2013-05-19', 0, 1, 38, 0, 'Anfield (Liverpool)', 72, 40, 699),
(193809, '2013-05-19', 3, 2, 38, 0, 'Etihad Stadium (Manchester)', 71, 50, 699),
(193810, '2013-05-19', 1, 0, 38, 0, 'St. James'' Park (Newcastle-upon-Tyne)', 42, 34, 699),
(193811, '2013-05-19', 1, 1, 38, 0, 'St. Mary''s Stadium (Southampton, Hampshire)', 75, 41, 699),
(193812, '2013-05-19', 3, 0, 38, 0, 'Liberty Stadium (Swansea)', 36, 76, 699),
(193813, '2013-05-19', 0, 1, 38, 0, 'White Hart Lane (London)', 746, 47, 699),
(193814, '2013-05-19', 5, 5, 38, 0, 'The Hawthorns (West Bromwich)', 33, 60, 699),
(193815, '2013-05-19', 2, 4, 38, 0, 'Boleyn Ground (London)', 53, 48, 699),
(193816, '2013-05-19', 2, 2, 38, 0, 'The DW Stadium (Wigan)', 66, 61, 699),
(194166, '2012-04-22', 2, 0, 35, 0, 'Molineux Stadium (Wolverhampton, West Midlands)', 50, 39, 700),
(194106, '2012-04-24', 2, 1, 29, 0, 'Villa Park (Birmingham)', 68, 66, 700),
(194168, '2012-04-28', 1, 1, 36, 0, 'Britannia Stadium (Stoke-on-Trent, Staffordshire)', 42, 75, 700),
(194169, '2012-04-28', 2, 2, 36, 0, 'Stadium of Light (Sunderland)', 68, 746, 700),
(194170, '2012-04-28', 4, 4, 36, 0, 'Liberty Stadium (Swansea)', 39, 76, 700),
(194171, '2012-04-28', 0, 0, 36, 0, 'The Hawthorns (West Bromwich)', 66, 60, 700),
(194172, '2012-04-28', 0, 4, 36, 0, 'The DW Stadium (Wigan)', 34, 61, 700),
(194167, '2012-04-28', 0, 4, 36, 0, 'Goodison Park (Liverpool)', 36, 45, 700),
(194173, '2012-04-28', 3, 0, 36, 0, 'Carrow Road (Norwich, Norfolk)', 40, 71, 700),
(194174, '2012-04-29', 1, 6, 36, 0, 'Stamford Bridge (London)', 72, 49, 700),
(194175, '2012-04-29', 0, 2, 36, 0, 'White Hart Lane (London)', 67, 47, 700),
(194176, '2012-04-30', 0, 1, 36, 0, 'Etihad Stadium (Manchester)', 33, 50, 700),
(194153, '2012-05-01', 1, 0, 34, 0, 'Anfield (Liverpool)', 36, 40, 700),
(194154, '2012-05-01', 1, 1, 34, 0, 'Britannia Stadium (Stoke-on-Trent, Staffordshire)', 45, 75, 700),
(194155, '2012-05-02', 2, 0, 34, 0, 'Stamford Bridge (London)', 34, 49, 700),
(194156, '2012-05-02', 4, 1, 34, 0, 'Reebok Stadium (Bolton)', 47, 68, 700),
(194177, '2012-05-05', 3, 3, 37, 0, 'Emirates Stadium (London)', 71, 42, 700),
(194178, '2012-05-06', 2, 0, 37, 0, 'Sports Direct Arena (Newcastle-upon-Tyne)', 50, 34, 700),
(194179, '2012-05-06', 1, 1, 37, 0, 'Villa Park (Birmingham)', 47, 66, 700),
(194180, '2012-05-06', 2, 2, 37, 0, 'Reebok Stadium (Bolton)', 60, 68, 700),
(194181, '2012-05-06', 1, 2, 37, 0, 'Craven Cottage (London)', 746, 36, 700),
(194182, '2012-05-06', 0, 1, 37, 0, 'Loftus Road Stadium (London)', 75, 72, 700),
(194183, '2012-05-06', 0, 0, 37, 0, 'Molineux Stadium (Wolverhampton, West Midlands)', 45, 39, 700),
(194184, '2012-05-06', 0, 2, 37, 0, 'Old Trafford (Manchester)', 76, 33, 700),
(194185, '2012-05-07', 1, 0, 37, 0, 'Ewood Park (Blackburn)', 61, 67, 700),
(194186, '2012-05-08', 1, 4, 37, 0, 'Anfield (Liverpool)', 49, 40, 700),
(194187, '2012-05-13', 1, 2, 38, 0, 'Stamford Bridge (London)', 67, 49, 700),
(194188, '2012-05-13', 1, 3, 38, 0, 'Goodison Park (Liverpool)', 34, 45, 700),
(194189, '2012-05-13', 2, 3, 38, 0, 'Etihad Stadium (Manchester)', 72, 50, 700),
(194190, '2012-05-13', 0, 2, 38, 0, 'Carrow Road (Norwich, Norfolk)', 66, 71, 700),
(194191, '2012-05-13', 2, 2, 38, 0, 'Britannia Stadium (Stoke-on-Trent, Staffordshire)', 68, 75, 700),
(194192, '2012-05-13', 1, 0, 38, 0, 'Stadium of Light (Sunderland)', 33, 746, 700),
(194193, '2012-05-13', 0, 1, 38, 0, 'Liberty Stadium (Swansea)', 40, 76, 700),
(194194, '2012-05-13', 0, 2, 38, 0, 'White Hart Lane (London)', 36, 47, 700),
(194195, '2012-05-13', 3, 2, 38, 0, 'The Hawthorns (West Bromwich)', 42, 60, 700),
(194196, '2012-05-13', 2, 3, 38, 0, 'The DW Stadium (Wigan)', 39, 61, 700);


